N,P,K,temperature,humidity,ph,rainfall,culture
90,42,43,20.87974371,82.00274423,6.502985292000001,202.9355362,rice
85,58,41,21.77046169,80.31964408,7.038096361,226.6555374,rice
60,55,44,23.00445915,82.3207629,7.840207144,263.9642476,rice
74,35,40,26.49109635,80.15836264,6.980400905,242.8640342,rice
78,42,42,20.13017482,81.60487287,7.628472891,262.7173405,rice
69,37,42,23.05804872,83.37011772,7.073453503,251.0549998,rice
69,55,38,22.70883798,82.63941394,5.70080568,271.3248604,rice
94,53,40,20.27774362,82.89408619,5.718627177999999,241.9741949,rice
89,54,38,24.51588066,83.53521629999999,6.685346424,230.4462359,rice
68,58,38,23.22397386,83.03322691,6.336253525,221.2091958,rice
91,53,40,26.52723513,81.41753846,5.386167788,264.6148697,rice
90,46,42,23.97898217,81.45061596,7.50283396,250.0832336,rice
78,58,44,26.80079604,80.88684822,5.108681786,284.4364567,rice
93,56,36,24.01497622,82.05687182,6.98435366,185.2773389,rice
94,50,37,25.66585205,80.66385045,6.94801983,209.5869708,rice
60,48,39,24.28209415,80.30025587,7.0422990689999985,231.0863347,rice
85,38,41,21.58711777,82.7883708,6.2490506560000005,276.65524589999995,rice
91,35,39,23.79391957,80.41817957,6.970859754,206.2611855,rice
77,38,36,21.8652524,80.1923008,5.953933276,224.55501690000003,rice
88,35,40,23.57943626,83.58760316,5.85393208,291.2986618000001,rice
89,45,36,21.32504158,80.47476396,6.442475375,185.4974732,rice
76,40,43,25.15745531,83.11713476,5.070175667,231.3843163,rice
67,59,41,21.94766735,80.97384195,6.012632591,213.3560921,rice
83,41,43,21.0525355,82.67839517,6.254028451,233.1075816,rice
98,47,37,23.48381344,81.33265073,7.375482851,224.0581164,rice
66,53,41,25.0756354,80.52389148,7.778915154,257.0038865,rice
97,59,43,26.35927159,84.04403589,6.2865001760000006,271.35861370000003,rice
97,50,41,24.52922681,80.54498576,7.070959995,260.2634026,rice
60,49,44,20.77576147,84.49774397,6.244841491,240.0810647,rice
84,51,35,22.30157427,80.64416466,6.043304899,197.9791215,rice
73,57,41,21.44653958,84.94375962,5.824709117,272.2017204,rice
92,35,40,22.17931888,80.33127223,6.3573893660000005,200.0882787,rice
85,37,39,24.52783742,82.73685569,6.364134967999999,224.67572310000003,rice
98,53,38,20.26707606,81.63895217,5.01450727,270.4417274,rice
88,54,44,25.7354293,83.88266234,6.149410611,233.1321372,rice
95,55,42,26.79533926,82.1480873,5.950660556,193.3473987,rice
99,57,35,26.75754171,81.17734011,5.960370061,272.29990560000005,rice
95,39,36,23.86330467,83.15250801,5.561398642,285.2493645,rice
60,43,44,21.01944696,82.95221726,7.416245107000001,298.40184710000005,rice
63,44,41,24.17298839,83.7287574,5.583370042,257.0343554,rice
62,42,36,22.78133816,82.06719137,6.430010215,248.7183228,rice
64,45,43,25.62980105,83.52842314,5.534878156,209.9001977,rice
83,60,36,25.59704938,80.14509262,6.903985986,200.834898,rice
82,40,40,23.83067496,84.81360127,6.271478837999999,298.5601175,rice
85,52,45,26.31355498,82.36698992,7.224285503,265.5355937,rice
91,35,38,24.8972823,80.52586088,6.13428721,183.6793207,rice
76,49,42,24.958779,84.47963372,5.206373153,196.95600080000003,rice
74,39,38,23.24113501,84.59201843,7.782051312999999,233.0453455,rice
79,43,39,21.66628296,80.70960551,7.062779015,210.8142087,rice
88,55,45,24.63544858,80.41363018,7.730367824,253.7202781,rice
60,36,43,23.43121862,83.06310136,5.286203711000001,219.9048349,rice
76,60,39,20.0454142,80.3477562,6.766240045,208.5810155,rice
93,56,42,23.85724032,82.22572988,7.382762603,195.0948311,rice
65,60,43,21.97199397,81.89918197,5.658169482000001,227.3637009,rice
95,52,36,26.22916897,83.83625819,5.543360237999999,286.5083725,rice
75,38,39,23.44676801,84.79352417,6.215109715,283.9338466,rice
74,54,38,25.65553461,83.47021081,7.120272972,217.3788583,rice
91,36,45,24.44345477,82.45432595,5.950647577000001,267.97619480000003,rice
71,46,40,20.2801937,82.1235421,7.236705436,191.9535738,rice
99,55,35,21.7238313,80.2389895,6.501697816,277.9626192,rice
72,40,38,20.41447029,82.20802629,7.592490617,245.1511304,rice
83,58,45,25.75528612,83.51827127,5.875345751,245.6626799,rice
93,58,38,20.61521424,83.77345559,6.932400225,279.5451717,rice
70,36,42,21.84106875,80.72886384,6.9462098810000015,202.3838319,rice
76,47,42,20.08369642,83.29114712,5.739175027000001,263.6372176,rice
99,41,36,24.45802087,82.74835604,6.738652179,182.5616319,rice
99,54,37,21.14347496,80.33502926,5.5948196260000005,198.6730942,rice
86,59,35,25.78720567,82.11124033,6.946636369,243.5120414,rice
69,46,41,23.64124821,80.28597873,5.012139669,263.1103304,rice
91,56,37,23.43191632,80.56887849,6.363472207999999,269.5039162,rice
61,52,41,24.97669518,83.891805,6.880431223,204.8001847,rice
67,45,38,22.72791041,82.17068809999998,7.300410836,260.8875056,rice
79,42,37,24.87300744,82.84022551,6.587918707999999,295.6094492000001,rice
78,43,42,21.32376327,83.00320459,7.283736617000001,192.3197536,rice
75,54,36,26.29465461,84.56919326,7.023936392,257.4914906,rice
97,36,45,22.2286982,81.85872947,6.939083505,278.0791793,rice
67,47,44,26.73072391,81.78596776,7.868474653,280.4044392,rice
73,35,38,24.88921174,81.97927117,5.005306977,185.9461429,rice
77,36,37,26.88444878,81.46033732,6.136131869,194.5766559,rice
81,41,38,22.67846116,83.72874389,7.5240800760000015,200.9133156,rice
68,57,43,26.08867875,80.37979919,5.706943251,182.9043504,rice
72,45,35,25.42977518,82.94682591,5.758506323,195.3574542,rice
61,53,43,26.40323239,81.05635517,6.349606327,223.3671883,rice
67,43,39,26.04371967,84.96907151,5.9999690260000005,186.7536773,rice
67,58,39,25.2827223,80.54372813,5.453592032,220.1156708,rice
66,60,38,22.08576562,83.47038318,6.372576327000001,231.7364957,rice
82,43,38,23.28617173,81.43321641,5.105588355,242.3170629,rice
84,50,44,25.48591986,81.40633547,5.9353444060000005,182.6549356,rice
81,53,42,23.67575393,81.03569343,5.17782304,233.7034975,rice
91,50,40,20.82477109,84.1341879,6.462391607000001,230.22422230000004,rice
93,53,38,26.92995077,81.91411159,7.069172227,290.67937830000005,rice
90,44,38,23.83509503,83.88387074,7.473134377,241.20135130000003,rice
81,45,35,26.52872817,80.12267476,6.158376967000001,218.9163567,rice
78,40,38,26.46428311,83.85642678,7.549873681,248.2256491,rice
60,51,36,22.69657794,82.81088865,6.028321557999999,256.9964761,rice
88,46,42,22.68319059,83.46358271,6.604993475,194.2651719,rice
93,47,37,21.53346343,82.14004101,6.500343222000001,295.9248796,rice
60,55,45,21.40865769,83.32931909999998,5.935745417000001,287.5766935000001,rice
78,35,44,26.54348085,84.67353597,7.072655622,183.6222657,rice
65,37,40,23.35905428,83.59512273,5.333322606,188.413665,rice
71,54,16,22.61359953,63.69070564,5.7499144210000015,87.75953857,maize
61,44,17,26.10018422,71.57476937,6.931756557999999,102.2662445,maize
80,43,16,23.55882094,71.59351368,6.657964753,66.71995467,maize
73,58,21,19.97215954,57.68272924,6.596060648,60.65171481,maize
61,38,20,18.47891261,62.69503871,5.970458434,65.43835393,maize
68,41,16,21.77689322,57.80840636,6.158830619,102.0861694,maize
93,41,17,25.6217169,66.50415474,6.047906679,105.4654703,maize
89,60,19,25.19192419,66.69029010000001,5.913664501,78.06639649,maize
76,44,17,20.41683147,62.55424820000001,5.855442401,65.27798457,maize
67,60,25,24.92162194,66.78627406,5.750254943,109.2162279,maize
70,44,19,23.31689124,73.4541537,5.852607099,94.29712821,maize
90,49,21,24.84016732,68.3584573,6.4725232870000005,74.05474936,maize
62,52,16,22.27526694,58.84015925,6.9670577620000005,63.87020584,maize
92,44,16,18.87751445,65.76816093,6.082973754,94.76189431,maize
66,54,21,25.19008683,60.200168700000006,5.919045532,72.12375573,maize
63,58,22,18.25405352,55.28220433,6.204747652999999,63.72358154,maize
70,47,17,24.612911800000006,70.4162444,6.600827017,104.1626147,maize
61,41,17,25.1420613,65.26185135,6.021902237000001,76.68456006,maize
66,53,19,23.09348056,60.11593810000001,6.033550195,65.49730729,maize
74,55,19,18.05033737,62.89366992,6.28886807,84.23613484,maize
77,57,21,24.9321581,73.80435276,6.550563822999999,79.74078719,maize
99,50,15,18.14710054,71.09445342,5.573286437,88.07753741,maize
74,56,22,18.28362235,66.65952796,6.829199275,80.97573281,maize
83,45,21,18.83344471,58.75082029,5.716222912,79.75328959999999,maize
100,48,16,25.71895816,67.22190688,5.54990242,74.51490791,maize
79,51,16,25.33797709,68.49835977,6.586244581,96.46380213,maize
94,39,18,23.89114571,57.48775781,5.893093135,102.8301942,maize
75,49,15,21.53574127,71.50905983,5.918263801,102.4852929,maize
78,48,22,23.08974909,63.10459626,5.588650585,70.43473609,maize
87,54,20,25.61707368,63.4711755,6.576418207000001,108.8303762,maize
87,35,25,21.44526922,63.1621551,6.178056304,65.88951188,maize
63,43,19,18.51816776,55.53128131,6.641906353,90.988051,maize
84,57,25,22.53510514,67.99257471,6.489040367,64.40866039,maize
64,35,23,23.02038334,61.89472002,5.680361037999999,63.03843397,maize
60,46,22,24.89364635,65.61418761,6.625404347999999,87.9298085,maize
98,44,21,25.77175115,74.089114,6.524478032,107.4931917,maize
75,56,18,19.39851734,62.35750641,5.696205468,60.95197486,maize
86,55,21,21.54156232,59.64024162,6.803931519,109.7515385,maize
98,35,18,23.79746068,74.82913698,6.252797547999999,91.76337172,maize
76,57,18,18.9802729,74.52600826,6.092725883,94.26249353,maize
99,56,17,24.10859207,73.13112261,6.234330356,71.07562236,maize
60,44,23,24.7947077,70.04556743,5.722579819,76.72860067,maize
74,48,17,21.63162756,60.27766379,6.430616465,69.21803098,maize
89,60,17,25.37548751,57.21025565,5.983952675,101.7004306,maize
69,51,23,22.21738222,72.85462807,6.80163854,106.6213157,maize
96,46,22,20.58314011,69.00128641,6.499936446,66.29390357,maize
61,60,15,24.87502824,68.74248334,6.265564338,91.26056654,maize
74,58,18,20.03728219,56.35606753,6.727303282,109.024141,maize
74,43,23,25.95263264,61.89082199,6.325235159,99.57981207,maize
63,43,17,19.28889933,65.47050802,6.807487794,71.3195307,maize
99,36,20,20.57981887,65.34583901,6.671085817000001,78.34604471,maize
77,36,23,24.71417533,56.73426469,6.648725327,88.45361858,maize
87,60,23,20.27317074,63.91281869,6.439071996,62.50351892,maize
60,38,17,18.41932981,64.23580251,6.474476516,76.41312437,maize
94,54,17,23.39128187,61.74427165,5.871647806,107.3198135,maize
95,38,22,19.84939404,61.24500053,5.730617109,100.7689246,maize
84,44,21,21.869274,61.91044947,5.850439831,107.2681929,maize
77,58,19,22.8056033,56.50768935,5.791649933,101.5952794,maize
66,44,20,19.0781471,69.02298571,6.740000687999999,80.72515943,maize
63,35,16,22.02720976,65.35549924,6.272417541,83.73280082,maize
79,45,20,23.80546189,59.24537979,5.715208817000001,89.96220140000001,maize
72,60,25,18.52510753,69.0276233,5.773454729,88.10234397,maize
67,51,24,23.50297882,61.32026065,5.584171461,64.77791424,maize
86,36,24,26.54986394,72.89187265,5.787268394,73.33636055,maize
76,48,18,19.29563411,69.63481219,5.77597783,83.21030571,maize
75,53,18,20.68899915,59.4375337,6.864793607,103.651438,maize
81,45,23,19.32666088,68.03449300000001,6.192360002999999,84.22969177,maize
73,45,21,24.60532218,73.58868502,6.636803222999999,96.59195302,maize
71,35,24,22.27373646,59.52193158,5.826426917,67.96704792,maize
96,54,22,25.70196694,61.33450447,6.960358276,83.20711308,maize
99,39,18,19.20129357,68.30578978,6.11275104,87.85092352,maize
62,48,20,21.70181447,60.47470519,6.708446922,95.71388473,maize
86,37,16,20.51716779,59.21235483,5.561510732,67.61013737,maize
94,50,19,23.30355338,73.62548442,5.873242491,97.59081274,maize
76,39,24,24.2547451,55.64709899,6.995843776,64.23845455,maize
77,52,17,24.86374934,65.7420046,5.714799723,75.82270467,maize
74,39,23,22.6265115,65.77472881,6.78073637,88.17251033,maize
81,49,20,18.04185513,60.61494304,5.513697923,104.2321615,maize
63,42,21,23.26237612,72.33125523,5.798423907999999,67.10225139,maize
99,38,21,22.88330922,71.59722446,6.352471866,67.72777298,maize
90,52,25,25.97482359,69.36385721,6.822586546,103.2234212,maize
68,40,19,26.14384005,66.20569924,6.655426355,107.2361366,maize
60,57,24,18.66116213,61.55327249,6.1212940410000005,75.03247667,maize
71,52,18,25.10787449,55.97732754,5.790770202999999,78.16077693,maize
61,59,17,23.33844615,59.24580604,6.47444292,105.0083144,maize
88,38,15,25.08239719,65.92195844,6.455116637000001,62.49190812,maize
65,60,22,25.36768364,72.52054555,6.6069840860000015,107.9124111,maize
78,37,22,25.34217103,63.31801994,6.330554389,74.52082026,maize
78,58,15,25.00933355,67.816568,6.5286312660000005,62.91359494,maize
92,60,23,18.66746724,71.516474,5.721667141,69.93293255,maize
79,59,17,20.37999665,63.73849998,6.644205485,108.5054416,maize
91,55,15,18.09300227,72.61024172,6.376651091,78.96159541,maize
76,51,18,26.16985907,71.96246617,6.247040422,79.84925393,maize
87,48,25,18.65396672,61.37879671,6.656730007999999,93.62039175,maize
71,60,22,26.07470121,59.37147589,6.2048017,85.75692395,maize
90,57,24,18.92851916,72.80086137,6.158860284,82.34162918,maize
67,35,22,23.30546753,63.24648023,6.3856842139999985,108.7603001,maize
60,54,19,18.74826712,62.49878458,6.417820493,70.23401597,maize
83,58,23,19.74213321,59.66263104,6.381201909,65.50861389,maize
83,57,19,25.73044432,70.74739256,6.877869005,98.73771338,maize
24,130,195,29.99677232,81.54156612,6.112305667,67.12534492,grapes
13,144,204,30.7280404,82.42614055,6.092241627000001,68.38135469,grapes
22,123,205,32.44577836,83.88504863,5.896343436,68.73932528,grapes
36,125,196,37.46566825,80.65968681,6.15526103,66.83872293,grapes
24,131,196,22.03296178,83.74372787,5.732453638,65.34440794,grapes
2,123,198,39.64851881,82.21079946,6.253034534,70.39906054,grapes
35,140,197,16.77557314,82.75241875,6.106190557000001,66.76285469,grapes
11,122,195,12.14190714,83.56812483,5.647202395,69.63122027,grapes
6,123,203,12.7567962,81.62497448,6.130310493,66.77844567,grapes
17,134,204,39.04071989,80.18393287,6.499604931,73.88467027,grapes
25,130,197,39.70772192,82.68593454,5.554831977,74.91506217,grapes
27,145,205,9.467960445,82.29335466,5.800242694,66.02765219,grapes
9,122,201,29.58748357,80.91934392,5.570290539,68.06417307,grapes
16,139,203,17.82803682,80.96093443,6.27564088,65.84748763,grapes
32,141,204,8.825674745,82.89753705,5.536645599,67.235765,grapes
22,138,195,27.83487131,83.51444973,6.208196881,73.02882766,grapes
31,144,202,11.02105378,80.55557235,5.870600622,68.23963161,grapes
3,136,205,17.5862944,80.84806564,6.334771461,71.40654520000002,grapes
28,122,197,19.89363946,82.73366439,5.856575335,69.66256816,grapes
4,136,204,29.93707596,81.77713468,5.898944282,65.52279323,grapes
39,145,201,36.73126647,80.58931938,5.775600435,72.24230804,grapes
38,132,197,20.42094753,81.54185044,5.931101816,66.93065667,grapes
36,133,198,25.51939719,83.98351748,6.2286454,69.17281221,grapes
25,121,201,30.50734778,82.71775569,5.594240602999999,70.08200379,grapes
15,125,199,18.426993600000007,80.55625868,5.569230319,69.75734306,grapes
24,140,205,12.087022,83.59398734,5.93202852,68.66813363,grapes
13,132,203,23.60115364,82.48336987,6.423216506,73.23901752,grapes
5,126,197,12.80000387,81.20876367,6.417500829,67.10439401,grapes
30,120,200,38.06099482,82.24729637,6.234904253,65.70148216,grapes
23,142,197,39.06555518,82.03812973,6.000573725,69.30772897,grapes
26,135,203,33.78372897,81.16314317,5.6851027689999984,74.53557341,grapes
7,126,203,16.76201707,82.00335557,5.662140095,73.28712806,grapes
32,139,198,35.89307536,82.66850729,6.358186848,66.53946559,grapes
9,141,202,21.01245395,81.17931863,6.119495295,66.38448261,grapes
20,142,196,10.89875873,80.01639435,6.207600782999999,68.69420397,grapes
32,129,201,16.36251869,83.00471609,6.48754639,71.55665483,grapes
3,134,199,20.28370163,81.32235739,5.81717753,71.06611222,grapes
38,138,204,25.11108456,83.25447587,6.325480034,73.01026829,grapes
14,131,198,33.4641162,83.86742974,5.562790949,67.92204319,grapes
20,122,204,11.7976469,80.86325389,6.487369687,65.06962486,grapes
40,126,201,11.36300891,80.03100049,6.116982944,71.18289431,grapes
36,128,204,25.23542319,80.68700527,5.695792761,67.03840888,grapes
11,132,197,15.99050693,81.23966573,5.7343170070000005,74.40198861,grapes
0,137,195,22.4359017,80.18612085,6.329499832000001,65.3973168,grapes
19,123,200,34.76086052,81.03544763,6.167013532,65.70430027,grapes
31,136,197,31.11047251,83.34010951,5.653776057999999,71.43001582,grapes
4,134,200,28.57828803,80.95628959,5.840256272,73.34232097,grapes
39,139,201,41.18664903,81.01783402,5.5399808120000005,68.68895899,grapes
8,127,196,27.02766138,83.17093908,5.833302165,70.95666003,grapes
39,138,203,21.19339319,82.33098331,6.399433771,74.62834921,grapes
32,120,204,10.38004759,83.44518113,6.138958698,67.39173790000001,grapes
12,142,203,31.3115978,82.56407013,5.972850837999999,65.01095312,grapes
8,133,195,20.46657776,80.97598029,6.456079585,71.29813872,grapes
8,139,199,29.36947679,81.53996362,6.3364266670000005,66.13442813,grapes
21,134,202,10.72302459,80.02130636,6.425419926,65.29821120000001,grapes
40,140,195,14.97846952,80.49979873,6.2943956760000015,71.63437433,grapes
39,127,202,15.3246651,81.67215994,6.477768039,71.60102999,grapes
19,120,195,18.73932187,81.12109244,5.931538447,73.55807954,grapes
21,139,201,19.3642553,83.36094029,5.980598579,67.15094741,grapes
17,136,195,41.20733624,81.61051026,6.389783283,65.90227462,grapes
33,139,203,33.34214482,82.51034633,5.693287415,70.68098614,grapes
22,133,201,23.81995682,80.12211649,6.00299607,67.27398640000001,grapes
32,130,196,40.66012294,81.24995984,6.372959542,74.03030056,grapes
37,135,205,11.82768186,80.2827185,5.5109248489999985,74.10225057,grapes
15,140,195,13.28504331,83.54193816,5.69945282,65.80006004,grapes
39,132,196,35.83089092,83.32560104,5.778594403,73.67984885,grapes
40,121,199,26.18159716,81.03886263,6.315586313,66.05911698,grapes
40,132,202,24.57558351,80.70695797,5.9718130060000005,69.706113,grapes
29,142,203,29.67229086,83.71498986,5.891195653,66.48490371,grapes
32,121,199,39.37102553,81.25353895,6.129812716,74.08101744,grapes
6,140,205,17.66558428,82.92903419,6.313085601,69.8671263,grapes
8,120,196,24.06679352,82.66396666,6.053662544,69.81855775,grapes
34,133,202,15.31413469,80.09711412,5.804799142,74.82144653,grapes
35,135,199,21.77466746,80.54942557,6.400719746,69.39630398,grapes
16,145,199,26.91624843,80.76838926,5.953966361,69.30927185,grapes
8,136,201,41.65602996,82.22118237,5.6092559920000005,74.19664838,grapes
25,129,195,17.98667801,81.17712085,5.777271492000001,72.37127689,grapes
16,130,201,29.12033769,82.79092939,5.682395429,68.8503047,grapes
39,129,203,34.38922481,83.18392806,5.863996687,71.03001556,grapes
38,135,203,41.36106301,82.79782954,6.444373116,69.92107482,grapes
33,120,205,35.12158265,82.26890793,5.550832177999999,69.71518491,grapes
35,125,204,19.6491772,80.15215777,6.107741787999999,73.69529586,grapes
1,132,200,16.27852801,82.94270065,5.620745638,66.57462809,grapes
39,140,203,21.11903604,80.63399198,6.349875906,69.27779761,grapes
28,145,202,19.2077707,82.90428409999998,6.484323189,66.83113717,grapes
6,128,200,25.96308415,82.57813624,5.838748311,70.31782647,grapes
6,139,199,25.67385024,81.6212135,6.29099842,74.10919422,grapes
29,122,196,41.94865736,81.15595212,5.638328481,73.06862952,grapes
37,144,197,11.18994268,80.8084305,6.415555956,66.34234944,grapes
38,120,197,17.5438296,82.94703302,6.323722572,73.77063744,grapes
38,141,198,13.05809741,80.28297993,5.757009965,70.75633584,grapes
14,121,203,9.724457611,83.74765639,6.1586894060000015,74.46411148,grapes
6,125,204,27.92004934,82.93262435,5.7335398070000005,69.92092839,grapes
32,138,197,9.535585543,80.73112694,5.908724337000001,69.44115171,grapes
11,124,204,13.42988625,80.06633966,6.361141107000001,71.40043037,grapes
23,138,200,9.851242629,80.22631717,5.96537863,68.42802444,grapes
40,143,201,24.97256132,82.72828653,6.476757723,66.70016285,grapes
6,142,202,27.23708304,82.94573346,6.224542938,70.42508897,grapes
37,124,195,18.70679077,83.4795292,6.209928251,66.5964488,grapes
35,134,204,9.949929082,82.55138983,5.841138354,66.00817551,grapes
22,30,12,15.78144173,92.51077745,6.3540067439999985,119.035002,orange
37,6,13,26.03097313,91.50819306,7.511755067999999,101.2847738,orange
27,13,6,13.36050601,91.35608208,7.335158382,111.2266885,orange
7,16,9,18.87957654,92.04304496,7.813916602999999,114.6659511,orange
20,7,9,29.47741671,91.57802915,7.1291369410000005,111.1727497,orange
26,27,10,28.06903173,92.91487288,6.079998496,114.1339416,orange
5,23,15,25.66901098,92.04670813,7.408939392000001,112.5424199,orange
0,18,14,29.77149434,92.00719952,7.207991261,114.41617859999998,orange
39,24,14,30.55472573,90.90343769,7.189259647,106.0711985,orange
13,23,6,23.96147583,90.26408017,7.365338111,102.6958703,orange
21,17,15,23.98289638,91.5473145,7.455991072000001,118.4901697,orange
33,12,8,25.26052689,90.31153735,6.822282114,117.36952959999998,orange
6,9,12,31.08368929,90.14362642,7.028746406000002,109.6894658,orange
19,7,10,14.78003032,91.22062116,6.118430299,100.1961762,orange
24,18,6,26.56608303,94.45239715,6.285312759,116.3796525,orange
9,11,8,24.85903405,94.39000473,6.559236744,111.78037340000002,orange
31,8,7,34.51465139,93.63812684,7.163245982,103.5684926,orange
22,17,5,24.12188673,90.72351622,6.945562889,102.835632,orange
13,5,8,23.85340379,90.10522549,7.474710503,103.923226,orange
16,8,9,24.60297538,91.28408653,7.601189842999999,111.2948115,orange
4,13,6,15.63211033,94.25966183,7.5611432239999985,101.4705704,orange
0,25,14,19.33516809,91.97978938,6.361671475,116.450422,orange
8,7,10,28.2620488,91.98317355,6.929216014,105.2132259,orange
4,23,5,22.67594476,93.36348717,7.477935216,110.3332655,orange
33,14,8,21.03200078,92.9641969,7.684420446,110.6823944,orange
30,7,15,33.23453301,91.06053924,7.825531916,115.7659902,orange
21,29,12,22.30318989,92.15987039,6.438668989,117.3688104,orange
11,14,5,11.50322938,94.8933184,6.946354724,115.56837759999998,orange
9,8,15,14.34320488,94.35734702,7.994465371,110.22231229999998,orange
5,18,14,33.105698100000005,93.48447453,7.434118807000001,119.1709113,orange
29,25,14,30.49183837,90.4582865,7.781988584,113.3302105,orange
33,12,15,30.25578031,92.03272799,6.052318465,116.7173125,orange
8,16,6,12.22816189,90.26457428,7.106650373,108.4161706,orange
15,14,8,10.01081312,90.22399223,6.22094286,119.3941064,orange
16,7,8,22.79196751,90.60901895,6.420457311,116.5084074,orange
0,12,7,20.18432263,90.65458473,6.969249676,116.8130969,orange
5,25,6,30.72119881,94.01331956,6.0113021810000005,106.8118019,orange
6,8,11,24.35590861,92.39651663,6.600948787999999,119.6946577,orange
10,5,5,21.21306973,91.35349216,7.817846496,112.9834361,orange
1,17,6,10.78689755,91.38411917,6.8198271,117.5293447,orange
1,30,10,11.89925671,91.34663797,7.291405641,103.5771468,orange
0,23,15,22.56664172,93.37488907,7.598729065,109.8585753,orange
24,27,9,18.86883219,93.24688124,6.157135092000001,119.3936976,orange
36,11,13,17.34083741,93.04897191,7.1917274,112.7194284,orange
40,21,8,34.90665289,92.87820148,7.418761774,102.1906333,orange
40,22,6,24.53610067,91.90997228,6.488221135,115.9787989,orange
32,18,13,13.8377282,91.74780462,6.044167236,107.9873218,orange
9,10,10,22.3551049,93.52211892,6.010391864,101.5164589,orange
13,16,8,34.74004942,93.12316972,6.949838549,100.1967854,orange
15,9,11,11.54785707,94.14861001,7.907956251,108.82891709999998,orange
29,11,5,23.13338811,91.94670335,7.639788459,104.4224145,orange
1,15,9,29.98364695,94.55239717,7.53350946,115.3560318,orange
18,5,11,20.87947369,90.93756231,6.251586885,102.4550786,orange
14,22,9,17.24944623,91.13772765,6.543191814,112.50905159999998,orange
33,15,7,15.83388699,91.68293851,7.651225301,109.7571416,orange
4,6,7,23.01014302,91.11764246,6.708889665,112.6738296,orange
17,16,14,16.39624284,92.18151927,6.625538653,102.944161,orange
12,20,10,24.45132792,93.10527686,6.528354932,109.4711098,orange
34,29,8,31.87859192,91.15248149,6.450640306,105.3437825,orange
39,28,10,31.34920143,91.48247612,7.181907673,109.1549823,orange
31,25,12,18.05142392,90.03969587,7.016482298,111.7793889,orange
12,6,8,30.84835031,92.86773675,6.388617138,107.4142681,orange
12,29,13,22.45616931,91.52781832,7.57125447,118.0069295,orange
26,11,11,13.70319166,90.95589386,7.609348255,106.2944879,orange
19,24,15,20.48954522,93.72485075,7.137136973,111.83919509999998,orange
39,21,9,13.20844373,94.02769434,6.354022554,106.2696156,orange
16,29,13,32.31944397,93.67804556,6.196907944,117.6236473,orange
36,29,13,20.68185224,90.91510525,7.829507245,109.7513927,orange
37,23,12,31.52675982,90.50621806,6.395258356,113.1169398,orange
39,9,15,25.35467646,91.81183218,7.992041984,116.7555937,orange
31,5,14,17.66545409,91.69865887,6.583411671,110.6857506,orange
18,12,8,12.59093977,91.81668769,6.206053072,119.39167179999998,orange
20,20,10,11.86631922,93.68394562,6.976997772000001,106.060149,orange
5,8,5,11.03367937,92.22706805,6.562594972,112.7715925,orange
20,8,12,25.2990432,94.96419851,7.260416405,117.9733424,orange
25,21,11,32.23797837,90.15406807,6.460044777999999,104.7052254,orange
14,19,14,17.68408797,94.35815354,6.699164936,108.0638166,orange
37,18,12,10.2708877,90.19147747,7.401121811,106.69552040000002,orange
26,15,6,17.22034507,94.78797376,6.912033409,108.0054343,orange
13,22,5,19.667056,90.50096668,7.764040111,100.1737964,orange
32,25,9,10.35609594,93.75652041,7.796034006,101.1456947,orange
19,7,9,27.255435,91.71369387,6.969883482999999,101.139435,orange
28,7,9,34.591784600000004,92.13229786,6.730757538,115.5650287,orange
24,30,11,32.39523995,94.51768464,6.601395755,113.25373,orange
7,17,10,10.16431299,91.22320999,6.465913274,106.362551,orange
18,23,8,21.49118657,93.43949693,6.41354791,101.4819888,orange
7,20,12,16.53460397,94.76759975,6.475275337,110.0447896,orange
20,23,11,31.852069399999994,90.12220323,6.407715561,109.9455062,orange
18,14,11,28.04799508,90.00621688,6.550814117000001,117.1311498,orange
34,11,10,31.75048899,94.59551226,7.36220835,115.1989301,orange
20,29,10,29.07412717,93.27189064,7.36549204,100.7896871,orange
37,24,13,19.14381903,90.71037456,7.8546243,108.0230792,orange
12,8,10,16.14820285,91.4448027,7.995848977,107.4287664,orange
34,10,14,34.05296914,92.05811721,6.725600855,116.8020848,orange
6,13,9,34.51423957,90.56151463,7.786725333,118.32719679999998,orange
27,30,5,32.71748548,90.54608254,7.656978112000001,113.328978,orange
13,8,12,25.16296632,92.54736032,7.105904818,114.3117197,orange
6,7,7,27.68167318,94.47316879,7.199106204,113.9995146,orange
40,17,15,21.35093384,90.9492967,7.871063004,107.0862095,orange
31,26,9,11.69894639,93.25638873,7.566165721,103.2005992,orange
133,47,24,24.40228894,79.19732001,7.231324765,90.8022356,cotton
136,36,20,23.09595631,84.86275707,6.925412377000001,71.29581071,cotton
104,47,18,23.9656349,76.97696717,7.633437412,90.75616738,cotton
133,47,23,24.88738107,75.62137159,6.827354668,89.76050416,cotton
126,38,23,25.36243778,83.63276077,6.176716425,88.43618918,cotton
126,50,19,24.69457084,81.7358876,6.6287228360000015,78.58494391,cotton
113,41,20,25.0017188,80.53965818,7.256877571,96.32600992,cotton
121,45,22,22.45942937,81.30681027,6.443785385,64.23026638,cotton
121,47,16,23.60564038,79.29573149,7.7232401510000015,72.49800885,cotton
129,60,22,24.58453146,79.12404171,5.947448589,71.94608134,cotton
107,45,25,23.0865933,83.55546146,7.2277455160000015,71.84080724,cotton
122,59,18,23.5000992,83.63488952,6.219469084,79.81328183,cotton
140,38,15,24.1472953,75.88298598,6.021439523,69.91563467,cotton
102,49,21,24.69315538,84.84422454,6.253343655,89.799462,cotton
111,40,25,24.484692000000006,84.44932014,6.1874557989999985,90.94342484,cotton
131,35,18,24.49112609,82.24415809,7.0576933660000005,64.02949379,cotton
135,43,16,23.47986888,81.73049149,6.720449769,86.76287924,cotton
100,46,18,24.18586246,76.04203958,6.4316895060000006,69.08056728,cotton
123,39,24,25.00755095,78.17952126,7.453106264,86.06411872,cotton
117,56,15,25.99237426,77.0543546,7.368258226,89.1188212,cotton
121,36,24,23.66457347,81.69105088,7.352401887,99.36898373,cotton
101,58,18,25.66891439,81.38103349,6.652143699,78.59595817,cotton
107,42,24,22.04612876,84.62978302,6.144631795,86.00758678,cotton
100,41,22,22.4204752,84.55794703,7.318802162000001,93.46595573,cotton
125,39,21,25.03149561,82.21276599,7.954629324,95.0191318,cotton
105,60,23,23.53371386,77.21705554,6.207652157,87.54004943,cotton
102,46,19,22.77076388,82.5993307,6.631005298,81.49543437,cotton
131,49,22,25.49848236,79.9751579,7.306918817000001,67.05961949,cotton
139,35,15,25.248679,83.4630147,5.898293044,86.55517751,cotton
108,36,19,22.78249615,77.51235009,7.238566893,64.61444234,cotton
118,45,23,23.37044424,77.43198948,7.977651226,71.67870701,cotton
107,51,22,24.86560781,78.22080815,5.983075895,79.56866268,cotton
125,60,17,24.14386157,84.51591287,6.785723961,80.36146974,cotton
113,37,20,25.03300222,79.04368718,7.393441155,97.10087029,cotton
131,52,16,23.65724079,84.47601498,6.486068274,88.54479121,cotton
115,48,16,25.54359718,84.09229796,7.175934962,88.94245493,cotton
113,38,25,22.00085141,79.47270984,7.388265887999999,90.42224164,cotton
111,41,18,23.64328417,78.1258666,6.10539819,80.96157332,cotton
111,53,19,23.96436009,78.02763149,6.419536555,84.63148859,cotton
122,48,16,24.65425757,75.6350708,6.307585854,61.82980133,cotton
108,46,17,24.3017998,84.87668973,6.93221485,65.0247867,cotton
132,41,22,24.29144926,81.02453404,7.810865753,90.41694635,cotton
103,42,17,24.29470232,84.61527627,6.527541661,81.05902285,cotton
133,50,25,25.72180042,81.19666206,7.569454601,99.93100821,cotton
127,37,18,24.87663664,76.30050373,7.041065585,91.9223468,cotton
110,39,25,22.60612115,77.34264002,7.208795456,75.13617229,cotton
131,38,19,23.86814008,75.68339729,6.814341946,90.4547185,cotton
108,38,24,23.41022496,76.43836957,7.442217061,78.82199603,cotton
122,40,17,24.96440768,81.31677618,6.854558957,80.03995829,cotton
111,50,15,25.16820129,80.30351815,7.884550475,84.62419032,cotton
140,40,17,22.72767171,77.07598065,6.006085786,77.55176318,cotton
100,40,20,22.45145981,76.25674874,7.432043735,86.84998693,cotton
123,50,16,23.04920461,75.53835214,6.498052108,70.65644296,cotton
107,36,21,25.29250148,75.66653335,6.205263534,62.64174227,cotton
118,50,19,22.95604064,82.33733678,6.360812227,66.48339303,cotton
103,51,20,22.80213132,84.14668447,7.0466074339999984,91.6389565,cotton
133,57,19,23.54234715,75.98203329,7.947011366,84.12536744,cotton
129,47,20,24.41212325,80.80343786,6.281913857999999,98.60457373,cotton
116,52,19,22.94276687,75.37170612,6.114525877,67.08022574,cotton
114,40,23,25.53676123,81.13668716,6.7539780610000015,95.4262599,cotton
131,60,17,25.32023717,81.79475917,7.4250413160000015,83.46532547,cotton
107,43,18,22.426733,81.53480799,6.745104394,65.54475812,cotton
123,44,21,25.78544484,75.00539324,7.6411165689999985,91.39578861,cotton
112,49,25,25.68959532,77.90621048,6.470135478,66.19426787,cotton
119,44,15,22.14593688,82.85975490000001,7.091992365,60.65381719,cotton
130,59,19,25.07278712,82.50257909,6.520403794,93.51042684,cotton
127,53,24,22.21506982,76.17851932,6.127939627999999,70.40557612,cotton
134,52,18,23.9643129,76.59175937,7.994679507000001,76.13090645,cotton
109,36,18,25.40059227,76.53237965,7.524707577,62.51388670000001,cotton
100,48,17,23.7805123,83.03878838,7.827877817999999,66.26555904,cotton
132,52,19,24.16402322,76.7433897,6.436691764,61.94626051,cotton
102,37,25,25.31468463,77.91757121,5.907930899,72.82902109,cotton
111,39,22,22.60361557,80.35090459999998,6.135025006,88.57395505,cotton
117,51,15,22.9535715,78.71555832,6.044556594,99.75336197,cotton
136,36,24,22.74446976,80.41198458,7.59781958,90.07326633,cotton
134,56,18,23.80834611,83.91902605,6.691268104,70.97358303,cotton
112,54,15,25.46228792,81.56641891,6.1754923060000015,76.88582484,cotton
105,56,15,25.96779712,81.97904282,7.272316208999999,74.14169043,cotton
140,45,15,25.5308271,80.04662756,5.801047545,99.39557151,cotton
126,46,25,24.43847399,81.69801729,6.757457943,60.79645852,cotton
106,49,24,23.03887865,76.47039772,6.983395572999999,90.64770699,cotton
121,53,19,23.51308653,76.72621429,7.976889497999999,80.11272117,cotton
108,60,17,22.75805656,76.75768356,6.558902588,97.76600619,cotton
116,56,17,24.71252544,77.7293114,7.979090365,85.24963302,cotton
100,52,19,23.45969093,82.44777468,7.903528672999999,93.50153555,cotton
129,43,16,25.5503704,77.85055621,6.73210948,78.58488484,cotton
118,44,23,22.08458267,82.82904143,6.6916904760000016,67.06459777,cotton
117,43,25,24.68854799,78.51206972,7.839849298,69.31153566,cotton
126,37,21,25.84997269,84.16855231,6.61448588,77.03421249,cotton
120,48,16,22.46054478,75.40989245,7.456971816,71.85436078,cotton
102,45,16,23.65629976,77.52425987,7.2942193,74.8984994,cotton
131,56,20,22.00817088,81.83896111,7.762647875,92.23645249,cotton
114,40,17,24.32630461,80.13456404,6.363406102000001,69.45072055,cotton
101,37,18,22.92360984,82.68738535,7.63737841,92.91915074,cotton
106,46,20,23.43821725,78.63388824,6.2006719760000015,81.15072105,cotton
113,38,20,22.10718988,78.58320116,6.364729934,74.94136567,cotton
102,53,21,23.03814028,76.11021529,6.913678684,91.49697481,cotton
110,39,18,24.54795322,75.39752705,7.766259768999999,63.88079866,cotton
107,58,15,23.73868041,75.77503808,7.55606399,76.63669195,cotton
120,60,15,22.31871914,83.86129998,7.288377241,65.35747011,cotton
91,21,26,26.33377983,57.36469955,7.261313694,191.6549412,coffee
107,21,26,26.45288458,55.32222678,7.235070264,144.68613359999995,coffee
83,38,35,25.70822684,52.88667115,7.18915558,136.73250919999998,coffee
108,24,31,24.12832546,56.18107663,6.431899747999999,147.27578180000003,coffee
116,28,34,23.44372334,60.39523266,6.42321105,122.2103248,coffee
116,23,25,23.4123707,52.26994674,6.869720196,139.3670753,coffee
109,31,27,23.05951896,50.40609436,6.973839707000001,164.4971875,coffee
89,25,34,23.07895447,63.65861483,7.184801627000001,129.8765443,coffee
118,18,32,27.6496114,51.11044023,6.351823783,122.8392822,coffee
111,32,34,25.46743689,69.35161206,6.392048018,171.37644619999998,coffee
84,36,28,26.7350622,55.55164819,6.119892347,140.63052130000003,coffee
85,33,25,26.20811417,52.50987966,6.910823945,189.0944824,coffee
99,15,27,27.0424167,57.27927475,6.501157208,165.6872119,coffee
81,30,31,24.65090184,51.93952357,7.0275855589999985,135.1386537,coffee
95,39,29,27.35152643,55.99375012,7.13411409,148.98125249999995,coffee
81,34,30,25.17787724,62.26244581,6.6477659970000005,135.0119649,coffee
80,15,28,23.11438731,68.00096043,6.703270635,161.8944624,coffee
104,20,26,27.22783677,52.95261751,7.493191968,175.7260273,coffee
109,29,28,23.26316991,60.51600210000001,6.724688502999999,194.1755471,coffee
100,32,26,25.234661,57.53161469,6.043485685,124.2261737,coffee
100,24,28,25.59535262,57.72920846,7.101661011,195.7733251,coffee
83,21,28,25.5674832,60.49244602,7.466900682999999,190.2257843,coffee
120,23,28,25.67324193,51.29043632,6.877799264,196.2736367,coffee
104,26,30,24.40726724,62.65692638,6.410992833,148.6977358,coffee
108,33,31,23.69287069,66.76090123,7.393825704,144.6576424,coffee
91,25,26,24.53460016,66.99765375,7.482414225,180.5059257,coffee
86,26,27,27.13140403,52.89368299,6.081172981,192.4280381,coffee
98,18,27,27.56088634,68.49299897,6.516312148,167.43580749999995,coffee
111,27,31,23.59302313,55.27564977,6.0433309510000015,191.3980675,coffee
84,39,35,23.17714381,52.13864034,6.959404135,117.3113562,coffee
98,27,27,24.71384065,51.29142534,7.238109556,197.6439711,coffee
118,21,34,24.38534644,64.72543073,7.234258375,119.6324109,coffee
103,27,31,27.15998538,51.59100753,6.691541233,126.1752206,coffee
82,24,33,26.53543168,67.09608099,6.809593554,120.6494434,coffee
86,31,35,27.01207284,60.76645256,6.485761419,191.4508931,coffee
88,35,35,27.55906475,58.45742907,6.784460602,117.9389993,coffee
84,27,29,23.32293161,53.00366334,7.167092586,168.26442869999997,coffee
120,40,33,24.23850608,54.30329632,6.73410539,115.1564012,coffee
106,40,30,23.42611644,64.10651528,6.779984384,122.6847408,coffee
113,21,33,26.02241444,55.83288958,7.277422737999999,176.90209240000004,coffee
117,34,25,24.83846178,56.7685316,7.21270048,124.4135035,coffee
80,30,25,26.24092174,65.64381357,7.487266991,148.37712019999995,coffee
88,21,27,24.43011925,66.02411187,7.231166546,181.6368274,coffee
113,33,34,26.00373964,62.144510200000006,6.559817161000002,153.477776,coffee
87,23,28,26.22367404,62.26594559,6.979590627,193.7461968,coffee
113,15,29,27.09617155,63.55324262,6.779230041,190.2440566,coffee
98,29,30,25.64004392,61.03273481,6.217974349,199.4735636,coffee
97,29,27,27.74576987,54.36976075,7.205078785,139.8619431,coffee
85,35,32,26.24928198,54.28617819,6.854011265,133.1120232,coffee
82,29,35,26.67377159,52.24226285,6.246872394,156.15438980000005,coffee
103,33,25,27.10210397,55.74973320000001,6.911066044,139.5013171,coffee
112,17,28,27.62975458,61.26002598,6.777417989,196.6492664,coffee
99,19,33,27.536454700000004,55.51673151,6.273741983,130.6377143,coffee
120,20,34,23.56960509,50.56339727,6.906124587000001,130.3797119,coffee
114,27,28,24.99451759,57.93250202,7.162802357,192.8736822,coffee
100,40,35,27.56441788,54.41094079,6.9557873510000015,177.816092,coffee
108,35,25,23.98143338,61.10935084,6.971963169,161.5279095,coffee
115,31,30,24.22984659,67.37768353,6.840927967000001,122.4073418,coffee
87,28,30,25.60153969,68.66257977,6.536676653,168.8383605,coffee
82,24,26,24.31274458,53.57285558,6.089443602999999,184.4103931,coffee
94,26,27,26.36629861,52.25738495,7.456460375,177.31761609999995,coffee
87,28,35,26.5602777,57.1621814,6.759211911,152.0616227,coffee
118,40,35,26.35034208,58.50650238,7.460174812000001,121.5586297,coffee
87,38,29,25.20406808,57.88370456,6.652642579,156.1457255,coffee
92,40,30,23.35723208,55.18792166,6.026287448,171.6976946,coffee
97,22,26,23.60567546,59.68849145,6.074190142000001,185.1568059,coffee
99,40,32,24.18471151,69.94807345,7.0455430560000005,163.27087319999995,coffee
89,28,33,26.44414097,53.83876189,6.9932360010000005,175.3723314,coffee
112,39,29,26.12492233,63.37479229,6.726528895,147.8035305,coffee
111,28,26,27.77363343,64.47858698,6.937352845,192.7121236,coffee
114,20,26,25.55656667,62.67087838,7.27905689,193.5866233,coffee
117,26,30,27.92374437,67.96910852,7.079850922,115.2325531,coffee
111,29,31,26.05968403,52.31098539,6.136286518,161.3432535,coffee
119,30,28,26.35770906,64.57578034,6.5052036960000015,163.62694960000005,coffee
116,40,33,24.91370487,54.15319242,7.042089492000001,129.5481144,coffee
95,37,35,27.31317116,68.42333909999999,6.348337518999998,192.4288139,coffee
86,40,33,26.1387869,52.26311691,7.432322234,136.3027766,coffee
117,37,32,23.1069385,67.06230539,6.787658922,162.57696059999995,coffee
105,18,35,23.52648086,68.44030686,6.743417121,171.8839938,coffee
109,23,25,25.11711046,68.48030408,7.00733163,194.8773479,coffee
80,18,31,24.02952505,58.84880599,7.303033217,134.6803969,coffee
101,31,26,26.70897548,69.71184111,6.861235184,158.86088869999998,coffee
103,33,33,26.71717393,50.50148528,7.131435858,126.8073984,coffee
93,26,27,24.59245684,56.46829641,7.288211994,137.70440469999997,coffee
104,35,28,27.51006055,50.66687215,6.983732393,143.9955548,coffee
116,36,25,27.57847581,58.52534263,6.172090205,156.6810374,coffee
107,38,29,26.65069302,57.56695719,6.35118177,145.105065,coffee
101,33,33,26.97251562,62.0183627,6.9086713789999985,142.8610793,coffee
107,31,31,23.17124551,52.97841162,6.766184468,153.12016440000005,coffee
99,16,30,23.52652084,65.44340921,6.392791654,186.1728203,coffee
103,40,30,27.30901814,55.196224,6.3483162570000005,141.48316440000005,coffee
118,31,34,27.54823036,62.88179198,6.123796057000001,181.4170812,coffee
106,21,35,25.627355,57.04151119,7.4285236339999985,188.5506536,coffee
116,38,34,23.29250318,50.04557009,6.020947179,183.468585,coffee
97,35,26,24.91461008,53.74144743,6.334610249,166.2549307,coffee
107,34,32,26.77463708,66.4132686,6.78006386,177.7745075,coffee
99,15,27,27.41711238,56.63636248,6.086922359,127.92461000000002,coffee
118,33,30,24.13179691,67.22512329,6.362607851,173.32283859999995,coffee
117,32,34,26.2724184,52.12739421,6.758792552,127.1752928,coffee
104,18,30,23.60301571,60.39647474,6.779832611000002,140.9370415,coffee
